id,name,country,website,contact
Addison-Wesley,Addison-Wesley,United States,1942,info@aw.com
Bantam Books,Bantam Books,United States,1945,info@bantam.com
PUB001,Penguin Random House,USA,https://penguin.com,info@penguin.com
PUB002,diegos House,USA,https://diegospro.com,info@penguin.com
Gallimard,Gallimard,France,1911,info@gallimard.fr
Sudamericana Publishing,Sudamericana Publishing,Argentina,1938,info@sudamericana.com
Secker & Warburg,Secker & Warburg,United Kingdom,1935,contact@penguin.co.uk
Prentice Hall,Prentice Hall,United States,1913,contact@pearson.com
